,In degree weighted,In degree weighted,Out degree weighted,Out degree weighted,Hub,Hub,Authority,Authority,Random Walk Centrality,Random Walk Centrality,Counting Betweenness,Counting Betweenness
,$r_s$,Valor-$p$,$r_s$,Valor-$p$,$r_s$,Valor-$p$,$r_s$,Valor-$p$,$r_s$,Valor-$p$,$r_s$,Valor-$p$
Demanda Intermedia,0.5147417840375588,0.0006780173023318663,0.9380281690140845,4.436485899805067e-19,0.9147417840375586,1.5483927733551976e-16,0.5342723004694835,0.000383792883907403,0.5216901408450704,0.0005559222896491604,0.41220657276995304,0.008217040923689616
Demanda Final,0.5030985915492958,0.0009368821416612081,0.6262910798122066,1.5410486968326543e-05,0.6689201877934272,2.3783155447656426e-06,0.49427230046948356,0.0011881980098494488,0.5815962441314554,8.288902573686096e-05,0.48563380281690144,0.0014902802532533674
Producción Final,0.49352112676056337,0.0012121198917552656,0.756244131455399,1.6672214162834382e-08,0.7675117370892018,7.556583309373032e-09,0.4897652582159625,0.0013382472437547706,0.5956807511737089,5.011331150651281e-05,0.4754929577464788,0.0019299464015722194
Importaciones,0.33292629318385364,0.035804520107499786,0.5927666224577078,5.5719671082470274e-05,0.5386567057325669,0.00033614878226001667,0.3759511922465526,0.01681311164000837,0.4341945053881974,0.005120673961183222,0.3227806837978897,0.04220982034166067
Exportaciones,0.3040458207485111,0.05646762943429333,0.2205012759920508,0.17154771439369362,0.2860227279471174,0.07358393923759227,0.3663756833533309,0.02006196373079937,0.2580493859949543,0.10791044832215856,0.2689383378957963,0.09333641686870595
Valor Agregado,0.29633802816901406,0.06335036585615882,0.7288262910798122,9.692148475775211e-08,0.6707981220657278,2.1752714629500734e-06,0.3030985915492957,0.05727977338796909,0.46854460093896716,0.00229368033938401,0.324131455399061,0.041306877133456994
