,In degree weighted,In degree weighted,Out degree weighted,Out degree weighted,Hub,Hub,Authority,Authority,Random Walk Centrality,Random Walk Centrality,Counting Betweenness,Counting Betweenness
,$r_s$,Valor-$p$,$r_s$,Valor-$p$,$r_s$,Valor-$p$,$r_s$,Valor-$p$,$r_s$,Valor-$p$,$r_s$,Valor-$p$
Demanda Intermedia,-0.276547842401501,0.08408694717382897,0.9142589118198875,1.7163983910070628e-16,0.8634146341463416,7.549129019139556e-13,-0.2041275797373359,0.20643436102044366,-0.36097560975609755,0.022115392045049455,-0.4296435272045029,0.005661564303169123
Demanda Final,0.08818011257035648,0.588458483837432,0.6320825515947469,1.2153604208256131e-05,0.6142589118198875,2.48611049526547e-05,0.04390243902439025,0.7879386450189627,-0.1153846153846154,0.4783311414861343,-0.08761726078799251,0.590850347853048
Producción Final,-0.06604127579737337,0.6855660540819256,0.7641651031894935,9.602155811455625e-09,0.7273921200750469,1.0565250186921027e-07,-0.08499061913696061,0.6020686818684864,-0.22363977485928707,0.16537666458508726,-0.2559099437148218,0.11096678486840875
Importaciones,-0.21388367729831145,0.18509812249264565,0.727579737335835,1.0447024539075997e-07,0.7103189493433397,2.835186166641924e-07,-0.08405253283302065,0.6060974374894202,-0.150281425891182,0.35465625185479943,-0.25234521575985,0.11620430995549755
Exportaciones,0.0926829268292683,0.5694801616643264,0.6866791744840527,9.963229925417414e-07,0.6159474671669795,2.3274927783113446e-05,-0.02326454033771107,0.8866919604930247,-0.27204502814258913,0.08946988407967198,-0.1853658536585366,0.25215150317852175
Valor Agregado,-0.11500938086303941,0.47977274206873655,0.7607879924953096,1.2180122261694741e-08,0.6911819887429644,7.913721052235672e-07,-0.13883677298311448,0.392891323318184,-0.22645403377110698,0.15998093861271148,-0.2452157598499062,0.12723565837071113
