,In degree weighted,In degree weighted,Out degree weighted,Out degree weighted,Hub,Hub,Authority,Authority,Random Walk Centrality,Random Walk Centrality,Counting Betweenness,Counting Betweenness
,$r_s$,Valor-$p$,$r_s$,Valor-$p$,$r_s$,Valor-$p$,$r_s$,Valor-$p$,$r_s$,Valor-$p$,$r_s$,Valor-$p$
Demanda Intermedia,-0.008820079843400695,0.9569230619230971,0.8778153153153152,1.0359377047624258e-13,0.8982732732732732,3.830914990780935e-15,0.13624208438955115,0.4018813596459161,-0.009196696696696694,0.9550855073791262,-0.045983483483483474,0.7781336400684971
Demanda Final,0.030865934890702697,0.850039506905783,0.6457424413008892,6.807386413589073e-06,0.7189303378737887,1.7387473525778072e-07,0.24852237545736,0.12202596809883014,0.0063804832909707156,0.9688310271066499,0.03847056101908814,0.8136802066971932
Producción Final,0.08659348907026926,0.5952118780384148,0.7660333174630135,8.40424597626918e-09,0.8304011341925122,3.40843010738377e-11,0.27010038465146824,0.0918753676189228,0.04072249629825427,0.8029832185722434,0.06023926871769411,0.7119479952901304
Importaciones,-0.052443944084810956,0.7479162410541971,0.7153647736817755,2.1334915749517628e-07,0.6601923593422052,3.5714938370017902e-06,0.19804859742940237,0.22056443183614755,-0.04278677030415656,0.7932086239731311,0.0024395965524299794,0.98807996607738
Exportaciones,0.1306815518112908,0.4215414853692975,0.4890223392537295,0.001364528268441804,0.5888534537905615,6.414422405931886e-05,0.4672827060818661,0.0023658403748052087,0.044098330669465245,0.787014283940782,0.04353537325666357,0.7896715029266623
Valor Agregado,0.001594896331738437,0.9922070692017918,0.764344366003639,9.480664721545403e-09,0.8324654081984145,2.7529630452550976e-11,0.20386527816868377,0.20703070902020182,0.018953788599648306,0.9075864580790862,0.012010321488886054,0.941365414545493
