,In degree weighted,In degree weighted,Out degree weighted,Out degree weighted,Hub,Hub,Authority,Authority,Random Walk Centrality,Random Walk Centrality,Counting Betweenness,Counting Betweenness
,$r_s$,Valor-$p$,$r_s$,Valor-$p$,$r_s$,Valor-$p$,$r_s$,Valor-$p$,$r_s$,Valor-$p$,$r_s$,Valor-$p$
Demanda Intermedia,0.07195796979078713,0.6590366026115777,0.8932357632048034,9.172636056869411e-15,0.8585233136316728,1.4088001774834827e-12,0.171967351533915,0.28866337858881824,0.06426494042593113,0.6936058251307007,-0.1672764799699784,0.3022156909084325
Demanda Final,0.004409419270100384,0.9784570227566475,0.6279200675485506,1.442197488149379e-05,0.6553147574819401,4.457266563010032e-06,0.056384276198517685,0.7296639177510404,-0.0772117459423961,0.6358186653098967,-0.20555399193170093,0.20321234032329358
Producción Final,0.04043531288113332,0.8043454514202599,0.7157331832254434,2.089161007410191e-07,0.7416267942583732,4.378905240936251e-08,0.11361290927854395,0.48515772283333647,-0.06670419363917816,0.6825743370987668,-0.2325734121399756,0.14869144615723642
Importaciones,-0.126184445069894,0.4378299611908324,0.5757575757575758,0.00010143202710198312,0.5637489445538981,0.00015183783799897145,-0.03180410920349001,0.8455357128682804,-0.13368983957219252,0.41083880841094056,-0.3338962379210057,0.035236293145776185
Exportaciones,0.2678362027431696,0.09473860906914414,0.2614569166533147,0.1031751976454626,0.13518457728648245,0.40557909389946023,0.14662976703592784,0.36660301476124557,0.07157934244940048,0.6607224487895442,-0.02242131434522505,0.8907736352158697
Valor Agregado,-0.026550333051881043,0.8708153768069561,0.7583262970259874,1.4450546608015606e-08,0.7388122713200113,5.235209701949246e-08,0.07965099915564314,0.6251528929704375,-0.04381274040716766,0.7883620049645697,-0.253400881883854,0.11463420363868572
